,Ingredient 1,Ingredient 2,Ingredient 3,Effects
0,Glowing Mushroom 0007ee01,Creep Cluster 000b2183,Wheat 0004b0ba,"Fortify Health, Damage Stamina Regen"
1,Glowing Mushroom 0007ee01,Juniper Berries 0005076e,Wheat 0004b0ba,"Fortify Health, Damage Stamina Regen"
2,Glowing Mushroom 0007ee01,Snowberries 0001b3bd,,Resist Shock
3,Glowing Mushroom 0007ee01,Snowberries 0001b3bd,Blisterwort 0004da25,"Fortify Smithing, Resist Shock"
4,Glowing Mushroom 0007ee01,Snowberries 0001b3bd,Fly Amanita 0004da00,"Resist Shock, Resist Fire"
5,Glowing Mushroom 0007ee01,Snowberries 0001b3bd,Dragon's Tongue 000889a2,"Resist Shock, Resist Fire"
6,Glowing Mushroom 0007ee01,Snowberries 0001b3bd,Wheat 0004b0ba,"Fortify Health, Resist Shock"
7,Glowing Mushroom 0007ee01,Snowberries 0001b3bd,Purple Mountain Flower 00077e1e,"Resist Frost, Resist Shock"
8,Glowing Mushroom 0007ee01,Snowberries 0001b3bd,Thistle Branch 000134aa,"Resist Frost, Resist Shock"
9,Glowing Mushroom 0007ee01,Snowberries 0001b3bd,Nightshade 0002f44c,"Resist Shock, Fortify Destruction"
10,Glowing Mushroom 0007ee01,Snowberries 0001b3bd,Blue Mountain Flower 00077e1c,"Fortify Health, Resist Shock"
11,Glowing Mushroom 0007ee01,Blisterwort 0004da25,,Fortify Smithing
12,Glowing Mushroom 0007ee01,Blisterwort 0004da25,Imp Stool 0004da23,"Fortify Smithing, Restore Health"
13,Glowing Mushroom 0007ee01,Blisterwort 0004da25,Fly Amanita 0004da00,"Fortify Smithing, Frenzy"
14,Glowing Mushroom 0007ee01,Blisterwort 0004da25,Canis Root 0006abcb,"Fortify Smithing, Damage Stamina"
15,Glowing Mushroom 0007ee01,Blisterwort 0004da25,Wheat 0004b0ba,"Fortify Smithing, Restore Health, Fortify Health"
16,Glowing Mushroom 0007ee01,Blisterwort 0004da25,Swamp Fungal Pod 0007e8b7,"Fortify Smithing, Restore Health, Resist Shock"
17,Glowing Mushroom 0007ee01,Blisterwort 0004da25,Nightshade 0002f44c,"Fortify Smithing, Fortify Destruction"
18,Glowing Mushroom 0007ee01,Blisterwort 0004da25,Blue Mountain Flower 00077e1c,"Fortify Smithing, Restore Health, Fortify Health"
19,Glowing Mushroom 0007ee01,Imp Stool 0004da23,Wheat 0004b0ba,"Restore Health, Fortify Health"
20,Glowing Mushroom 0007ee01,Imp Stool 0004da23,Swamp Fungal Pod 0007e8b7,"Paralysis, Restore Health, Resist Shock"
21,Glowing Mushroom 0007ee01,Imp Stool 0004da23,Nightshade 0002f44c,"Damage Health, Fortify Destruction"
22,Glowing Mushroom 0007ee01,Imp Stool 0004da23,Blue Mountain Flower 00077e1c,"Restore Health, Fortify Health"
23,Glowing Mushroom 0007ee01,Canis Root 0006abcb,Swamp Fungal Pod 0007e8b7,"Paralysis, Resist Shock"
24,Glowing Mushroom 0007ee01,Wheat 0004b0ba,,Fortify Health
25,Glowing Mushroom 0007ee01,Wheat 0004b0ba,Purple Mountain Flower 00077e1e,"Fortify Health, Lingering Damage Magicka"
26,Glowing Mushroom 0007ee01,Wheat 0004b0ba,Swamp Fungal Pod 0007e8b7,"Restore Health, Fortify Health, Resist Shock, Lingering Damage Magicka"
27,Glowing Mushroom 0007ee01,Wheat 0004b0ba,Nightshade 0002f44c,"Fortify Health, Fortify Destruction"
28,Glowing Mushroom 0007ee01,Purple Mountain Flower 00077e1e,Swamp Fungal Pod 0007e8b7,"Resist Shock, Lingering Damage Magicka"
29,Glowing Mushroom 0007ee01,Swamp Fungal Pod 0007e8b7,,Resist Shock
30,Glowing Mushroom 0007ee01,Swamp Fungal Pod 0007e8b7,Nightshade 0002f44c,"Resist Shock, Fortify Destruction"
31,Glowing Mushroom 0007ee01,Swamp Fungal Pod 0007e8b7,Blue Mountain Flower 00077e1c,"Restore Health, Fortify Health, Resist Shock"
32,Glowing Mushroom 0007ee01,Red Mountain Flower 00077e1d,Nightshade 0002f44c,"Damage Health, Fortify Destruction"
33,Glowing Mushroom 0007ee01,Nightshade 0002f44c,,Fortify Destruction
34,Glowing Mushroom 0007ee01,Nightshade 0002f44c,Deathbell 000516c8,"Damage Health, Fortify Destruction"
35,Glowing Mushroom 0007ee01,Nightshade 0002f44c,Blue Mountain Flower 00077e1c,"Damage Magicka Regen, Fortify Health, Fortify Destruction"
36,Glowing Mushroom 0007ee01,Lavender 00045c28,Blue Mountain Flower 00077e1c,"Fortify Health, Fortify Conjuration"
37,Glowing Mushroom 0007ee01,Blue Mountain Flower 00077e1c,,Fortify Health
38,Scaly Pholiota 0006f950,Creep Cluster 000b2183,,"Fortify Carry Weight, Weakness to Magic"
39,Scaly Pholiota 0006f950,Creep Cluster 000b2183,Juniper Berries 0005076e,"Fortify Carry Weight, Damage Stamina Regen, Weakness to Magic"
40,Scaly Pholiota 0006f950,Creep Cluster 000b2183,Giant Lichen 0007e8c1,"Restore Magicka, Fortify Carry Weight, Weakness to Magic"
41,Scaly Pholiota 0006f950,Creep Cluster 000b2183,Fly Amanita 0004da00,"Fortify Carry Weight, Regenerate Stamina, Weakness to Magic"
42,Scaly Pholiota 0006f950,Creep Cluster 000b2183,Dragon's Tongue 000889a2,"Fortify Carry Weight, Fortify Illusion, Weakness to Magic"
43,Scaly Pholiota 0006f950,Creep Cluster 000b2183,Wheat 0004b0ba,"Fortify Carry Weight, Damage Stamina Regen, Weakness to Magic"
44,Scaly Pholiota 0006f950,Creep Cluster 000b2183,Red Mountain Flower 00077e1d,"Restore Magicka, Fortify Carry Weight, Weakness to Magic"
45,Scaly Pholiota 0006f950,Creep Cluster 000b2183,Mora Tapinella 000ec870,"Restore Magicka, Fortify Carry Weight, Regenerate Stamina, Fortify Illusion, Weakness to Magic"
46,Scaly Pholiota 0006f950,Creep Cluster 000b2183,Grass Pod 00083e64,"Restore Magicka, Fortify Carry Weight, Weakness to Magic"
47,Scaly Pholiota 0006f950,Creep Cluster 000b2183,White Cap 0004da22,"Restore Magicka, Fortify Carry Weight, Weakness to Magic"
48,Scaly Pholiota 0006f950,Snowberries 0001b3bd,Fly Amanita 0004da00,"Regenerate Stamina, Resist Fire"
49,Scaly Pholiota 0006f950,Snowberries 0001b3bd,Dragon's Tongue 000889a2,"Fortify Illusion, Resist Fire"
50,Scaly Pholiota 0006f950,Blisterwort 0004da25,Fly Amanita 0004da00,"Regenerate Stamina, Frenzy"
51,Scaly Pholiota 0006f950,Imp Stool 0004da23,Mora Tapinella 000ec870,"Regenerate Stamina, Fortify Illusion, Lingering Damage Health"
52,Scaly Pholiota 0006f950,Giant Lichen 0007e8c1,Mora Tapinella 000ec870,"Restore Magicka, Regenerate Stamina, Fortify Illusion"
53,Scaly Pholiota 0006f950,Giant Lichen 0007e8c1,Jazbay Grapes 0006ac4a,"Ravage Health, Weakness to Magic"
54,Scaly Pholiota 0006f950,Fly Amanita 0004da00,,Regenerate Stamina
55,Scaly Pholiota 0006f950,Fly Amanita 0004da00,Dragon's Tongue 000889a2,"Regenerate Stamina, Fortify Two-handed, Fortify Illusion, Resist Fire"
56,Scaly Pholiota 0006f950,Fly Amanita 0004da00,Jazbay Grapes 0006ac4a,"Regenerate Stamina, Weakness to Magic"
57,Scaly Pholiota 0006f950,Dragon's Tongue 000889a2,,Fortify Illusion
58,Scaly Pholiota 0006f950,Dragon's Tongue 000889a2,Tundra Cotton 0003f7f8,"Fortify Barter, Fortify Illusion"
59,Scaly Pholiota 0006f950,Dragon's Tongue 000889a2,Jazbay Grapes 0006ac4a,"Fortify Illusion, Weakness to Magic"
60,Scaly Pholiota 0006f950,Tundra Cotton 0003f7f8,Jazbay Grapes 0006ac4a,"Fortify Magicka, Weakness to Magic"
61,Scaly Pholiota 0006f950,Red Mountain Flower 00077e1d,Mora Tapinella 000ec870,"Restore Magicka, Regenerate Stamina, Fortify Illusion"
62,Scaly Pholiota 0006f950,Red Mountain Flower 00077e1d,Jazbay Grapes 0006ac4a,"Fortify Magicka, Weakness to Magic"
63,Scaly Pholiota 0006f950,Mora Tapinella 000ec870,,"Regenerate Stamina, Fortify Illusion"
64,Scaly Pholiota 0006f950,Mora Tapinella 000ec870,Jazbay Grapes 0006ac4a,"Regenerate Stamina, Fortify Illusion, Weakness to Magic"
65,Scaly Pholiota 0006f950,Mora Tapinella 000ec870,Grass Pod 00083e64,"Restore Magicka, Regenerate Stamina, Fortify Illusion"
66,Scaly Pholiota 0006f950,Mora Tapinella 000ec870,White Cap 0004da22,"Restore Magicka, Regenerate Stamina, Fortify Illusion"
67,Scaly Pholiota 0006f950,Jazbay Grapes 0006ac4a,,Weakness to Magic
68,Creep Cluster 000b2183,Juniper Berries 0005076e,,Damage Stamina Regen
69,Creep Cluster 000b2183,Juniper Berries 0005076e,Giant Lichen 0007e8c1,"Restore Magicka, Damage Stamina Regen"
70,Creep Cluster 000b2183,Juniper Berries 0005076e,Canis Root 0006abcb,"Fortify Marksman, Damage Stamina Regen"
71,Creep Cluster 000b2183,Juniper Berries 0005076e,Red Mountain Flower 00077e1d,"Restore Magicka, Damage Stamina Regen"
72,Creep Cluster 000b2183,Juniper Berries 0005076e,Bleeding Crown 0004da20,"Damage Stamina Regen, Weakness to Fire"
73,Creep Cluster 000b2183,Juniper Berries 0005076e,Namira's Rot 0004da24,"Regenerate Health, Damage Stamina Regen"
74,Creep Cluster 000b2183,Juniper Berries 0005076e,Mora Tapinella 000ec870,"Restore Magicka, Damage Stamina Regen"
75,Creep Cluster 000b2183,Juniper Berries 0005076e,Jazbay Grapes 0006ac4a,"Damage Stamina Regen, Weakness to Magic"
76,Creep Cluster 000b2183,Juniper Berries 0005076e,Grass Pod 00083e64,"Restore Magicka, Damage Stamina Regen"
77,Creep Cluster 000b2183,Juniper Berries 0005076e,White Cap 0004da22,"Restore Magicka, Damage Stamina Regen"
78,Creep Cluster 000b2183,Blisterwort 0004da25,Wheat 0004b0ba,"Restore Health, Damage Stamina Regen"
79,Creep Cluster 000b2183,Imp Stool 0004da23,Wheat 0004b0ba,"Restore Health, Damage Stamina Regen"
80,Creep Cluster 000b2183,Imp Stool 0004da23,Red Mountain Flower 00077e1d,"Restore Magicka, Damage Health"
81,Creep Cluster 000b2183,Imp Stool 0004da23,Mora Tapinella 000ec870,"Restore Magicka, Lingering Damage Health"
82,Creep Cluster 000b2183,Giant Lichen 0007e8c1,,Restore Magicka
83,Creep Cluster 000b2183,Giant Lichen 0007e8c1,Wheat 0004b0ba,"Restore Magicka, Damage Stamina Regen"
84,Creep Cluster 000b2183,Giant Lichen 0007e8c1,Bleeding Crown 0004da20,"Restore Magicka, Weakness to Poison"
85,Creep Cluster 000b2183,Giant Lichen 0007e8c1,Jazbay Grapes 0006ac4a,"Restore Magicka, Ravage Health, Weakness to Magic"
86,Creep Cluster 000b2183,Giant Lichen 0007e8c1,Deathbell 000516c8,"Restore Magicka, Weakness to Poison"
87,Creep Cluster 000b2183,Fly Amanita 0004da00,Mora Tapinella 000ec870,"Restore Magicka, Regenerate Stamina"
88,Creep Cluster 000b2183,Dragon's Tongue 000889a2,Mora Tapinella 000ec870,"Restore Magicka, Fortify Illusion"
89,Creep Cluster 000b2183,Wheat 0004b0ba,,Damage Stamina Regen
90,Creep Cluster 000b2183,Wheat 0004b0ba,Purple Mountain Flower 00077e1e,"Damage Stamina Regen, Lingering Damage Magicka"
91,Creep Cluster 000b2183,Wheat 0004b0ba,Swamp Fungal Pod 0007e8b7,"Restore Health, Damage Stamina Regen, Lingering Damage Magicka"
92,Creep Cluster 000b2183,Wheat 0004b0ba,Red Mountain Flower 00077e1d,"Restore Magicka, Damage Stamina Regen"
93,Creep Cluster 000b2183,Wheat 0004b0ba,Mora Tapinella 000ec870,"Restore Magicka, Damage Stamina Regen"
94,Creep Cluster 000b2183,Wheat 0004b0ba,Jazbay Grapes 0006ac4a,"Damage Stamina Regen, Weakness to Magic"
95,Creep Cluster 000b2183,Wheat 0004b0ba,Grass Pod 00083e64,"Restore Magicka, Damage Stamina Regen"
96,Creep Cluster 000b2183,Wheat 0004b0ba,Blue Mountain Flower 00077e1c,"Restore Health, Fortify Health, Damage Stamina Regen"
97,Creep Cluster 000b2183,Wheat 0004b0ba,White Cap 0004da22,"Restore Magicka, Damage Stamina Regen"
98,Creep Cluster 000b2183,Thistle Branch 000134aa,Grass Pod 00083e64,"Restore Magicka, Resist Poison"
99,Creep Cluster 000b2183,Thistle Branch 000134aa,White Cap 0004da22,"Restore Magicka, Fortify Heavy Armor"
100,Creep Cluster 000b2183,Tundra Cotton 0003f7f8,Red Mountain Flower 00077e1d,"Restore Magicka, Fortify Magicka"
101,Creep Cluster 000b2183,Tundra Cotton 0003f7f8,Jazbay Grapes 0006ac4a,"Fortify Magicka, Weakness to Magic"
102,Creep Cluster 000b2183,Red Mountain Flower 00077e1d,,Restore Magicka
103,Creep Cluster 000b2183,Red Mountain Flower 00077e1d,Nightshade 0002f44c,"Restore Magicka, Damage Health"
104,Creep Cluster 000b2183,Red Mountain Flower 00077e1d,Lavender 00045c28,"Restore Magicka, Ravage Magicka"
105,Creep Cluster 000b2183,Red Mountain Flower 00077e1d,Jazbay Grapes 0006ac4a,"Restore Magicka, Fortify Magicka, Weakness to Magic"
106,Creep Cluster 000b2183,Red Mountain Flower 00077e1d,Deathbell 000516c8,"Restore Magicka, Damage Health"
107,Creep Cluster 000b2183,Mora Tapinella 000ec870,,Restore Magicka
108,Creep Cluster 000b2183,Mora Tapinella 000ec870,Jazbay Grapes 0006ac4a,"Restore Magicka, Weakness to Magic"
109,Creep Cluster 000b2183,Lavender 00045c28,Grass Pod 00083e64,"Restore Magicka, Ravage Magicka"
110,Creep Cluster 000b2183,Lavender 00045c28,White Cap 0004da22,"Restore Magicka, Ravage Magicka"
111,Creep Cluster 000b2183,Jazbay Grapes 0006ac4a,,Weakness to Magic
112,Creep Cluster 000b2183,Jazbay Grapes 0006ac4a,Grass Pod 00083e64,"Restore Magicka, Weakness to Magic"
113,Creep Cluster 000b2183,Jazbay Grapes 0006ac4a,White Cap 0004da22,"Restore Magicka, Weakness to Magic"
114,Creep Cluster 000b2183,Grass Pod 00083e64,,Restore Magicka
115,Creep Cluster 000b2183,White Cap 0004da22,,Restore Magicka
116,Juniper Berries 0005076e,Blisterwort 0004da25,Canis Root 0006abcb,"Damage Stamina, Fortify Marksman"
117,Juniper Berries 0005076e,Blisterwort 0004da25,Wheat 0004b0ba,"Restore Health, Damage Stamina Regen"
118,Juniper Berries 0005076e,Imp Stool 0004da23,Canis Root 0006abcb,"Paralysis, Fortify Marksman"
119,Juniper Berries 0005076e,Imp Stool 0004da23,Wheat 0004b0ba,"Restore Health, Damage Stamina Regen"
120,Juniper Berries 0005076e,Giant Lichen 0007e8c1,Bleeding Crown 0004da20,"Weakness to Poison, Weakness to Fire"
121,Juniper Berries 0005076e,Canis Root 0006abcb,,Fortify Marksman
122,Juniper Berries 0005076e,Canis Root 0006abcb,Wheat 0004b0ba,"Fortify Marksman, Damage Stamina Regen"
123,Juniper Berries 0005076e,Canis Root 0006abcb,Swamp Fungal Pod 0007e8b7,"Paralysis, Fortify Marksman"
124,Juniper Berries 0005076e,Canis Root 0006abcb,Bleeding Crown 0004da20,"Fortify Marksman, Weakness to Fire"
125,Juniper Berries 0005076e,Canis Root 0006abcb,Namira's Rot 0004da24,"Regenerate Health, Fortify Marksman"
126,Juniper Berries 0005076e,Wheat 0004b0ba,,Damage Stamina Regen
127,Juniper Berries 0005076e,Wheat 0004b0ba,Purple Mountain Flower 00077e1e,"Damage Stamina Regen, Lingering Damage Magicka"
128,Juniper Berries 0005076e,Wheat 0004b0ba,Swamp Fungal Pod 0007e8b7,"Restore Health, Damage Stamina Regen, Lingering Damage Magicka"
129,Juniper Berries 0005076e,Wheat 0004b0ba,Bleeding Crown 0004da20,"Damage Stamina Regen, Weakness to Fire"
130,Juniper Berries 0005076e,Wheat 0004b0ba,Namira's Rot 0004da24,"Regenerate Health, Damage Stamina Regen"
131,Juniper Berries 0005076e,Wheat 0004b0ba,Blue Mountain Flower 00077e1c,"Restore Health, Fortify Health, Damage Stamina Regen"
132,Juniper Berries 0005076e,Tundra Cotton 0003f7f8,Bleeding Crown 0004da20,"Fortify Block, Weakness to Fire, Resist Magic"
133,Juniper Berries 0005076e,Bleeding Crown 0004da20,,Weakness to Fire
134,Juniper Berries 0005076e,Bleeding Crown 0004da20,Namira's Rot 0004da24,"Regenerate Health, Weakness to Fire"
135,Juniper Berries 0005076e,Bleeding Crown 0004da20,Lavender 00045c28,"Weakness to Fire, Resist Magic"
136,Juniper Berries 0005076e,Bleeding Crown 0004da20,Deathbell 000516c8,"Weakness to Poison, Weakness to Fire"
137,Juniper Berries 0005076e,Namira's Rot 0004da24,,Regenerate Health
138,Snowberries 0001b3bd,Blisterwort 0004da25,Fly Amanita 0004da00,"Frenzy, Resist Fire"
139,Snowberries 0001b3bd,Blisterwort 0004da25,Swamp Fungal Pod 0007e8b7,"Restore Health, Resist Shock"
140,Snowberries 0001b3bd,Imp Stool 0004da23,Swamp Fungal Pod 0007e8b7,"Paralysis, Restore Health, Resist Shock"
141,Snowberries 0001b3bd,Fly Amanita 0004da00,,Resist Fire
142,Snowberries 0001b3bd,Fly Amanita 0004da00,Purple Mountain Flower 00077e1e,"Resist Frost, Resist Fire"
143,Snowberries 0001b3bd,Fly Amanita 0004da00,Thistle Branch 000134aa,"Resist Frost, Resist Fire"
144,Snowberries 0001b3bd,Fly Amanita 0004da00,Swamp Fungal Pod 0007e8b7,"Resist Shock, Resist Fire"
145,Snowberries 0001b3bd,Fly Amanita 0004da00,Mora Tapinella 000ec870,"Regenerate Stamina, Resist Fire"
146,Snowberries 0001b3bd,Dragon's Tongue 000889a2,,Resist Fire
147,Snowberries 0001b3bd,Dragon's Tongue 000889a2,Purple Mountain Flower 00077e1e,"Resist Frost, Resist Fire"
148,Snowberries 0001b3bd,Dragon's Tongue 000889a2,Thistle Branch 000134aa,"Resist Frost, Resist Fire"
149,Snowberries 0001b3bd,Dragon's Tongue 000889a2,Swamp Fungal Pod 0007e8b7,"Resist Shock, Resist Fire"
150,Snowberries 0001b3bd,Dragon's Tongue 000889a2,Tundra Cotton 0003f7f8,"Fortify Barter, Resist Fire"
151,Snowberries 0001b3bd,Dragon's Tongue 000889a2,Mora Tapinella 000ec870,"Fortify Illusion, Resist Fire"
152,Snowberries 0001b3bd,Canis Root 0006abcb,Swamp Fungal Pod 0007e8b7,"Paralysis, Resist Shock"
153,Snowberries 0001b3bd,Wheat 0004b0ba,Purple Mountain Flower 00077e1e,"Resist Frost, Lingering Damage Magicka"
154,Snowberries 0001b3bd,Wheat 0004b0ba,Swamp Fungal Pod 0007e8b7,"Restore Health, Resist Shock, Lingering Damage Magicka"
155,Snowberries 0001b3bd,Purple Mountain Flower 00077e1e,,Resist Frost
156,Snowberries 0001b3bd,Purple Mountain Flower 00077e1e,Swamp Fungal Pod 0007e8b7,"Resist Frost, Resist Shock, Lingering Damage Magicka"
157,Snowberries 0001b3bd,Thistle Branch 000134aa,,Resist Frost
158,Snowberries 0001b3bd,Thistle Branch 000134aa,Swamp Fungal Pod 0007e8b7,"Resist Frost, Resist Shock"
159,Snowberries 0001b3bd,Thistle Branch 000134aa,Grass Pod 00083e64,"Resist Poison, Resist Frost"
160,Snowberries 0001b3bd,Thistle Branch 000134aa,Deathbell 000516c8,"Resist Frost, Ravage Stamina"
161,Snowberries 0001b3bd,Thistle Branch 000134aa,White Cap 0004da22,"Resist Frost, Fortify Heavy Armor"
162,Snowberries 0001b3bd,Swamp Fungal Pod 0007e8b7,,Resist Shock
163,Snowberries 0001b3bd,Swamp Fungal Pod 0007e8b7,Blue Mountain Flower 00077e1c,"Restore Health, Resist Shock"
164,Blisterwort 0004da25,Imp Stool 0004da23,,Restore Health
165,Blisterwort 0004da25,Imp Stool 0004da23,Fly Amanita 0004da00,"Restore Health, Frenzy"
166,Blisterwort 0004da25,Imp Stool 0004da23,Canis Root 0006abcb,"Paralysis, Restore Health, Damage Stamina"
167,Blisterwort 0004da25,Imp Stool 0004da23,Red Mountain Flower 00077e1d,"Damage Health, Restore Health"
168,Blisterwort 0004da25,Imp Stool 0004da23,Nightshade 0002f44c,"Damage Health, Restore Health"
169,Blisterwort 0004da25,Imp Stool 0004da23,Mora Tapinella 000ec870,"Restore Health, Lingering Damage Health"
170,Blisterwort 0004da25,Imp Stool 0004da23,Deathbell 000516c8,"Damage Health, Restore Health"
171,Blisterwort 0004da25,Fly Amanita 0004da00,,Frenzy
172,Blisterwort 0004da25,Fly Amanita 0004da00,Dragon's Tongue 000889a2,"Fortify Two-handed, Frenzy, Resist Fire"
173,Blisterwort 0004da25,Fly Amanita 0004da00,Canis Root 0006abcb,"Frenzy, Damage Stamina"
174,Blisterwort 0004da25,Fly Amanita 0004da00,Wheat 0004b0ba,"Restore Health, Frenzy"
175,Blisterwort 0004da25,Fly Amanita 0004da00,Swamp Fungal Pod 0007e8b7,"Restore Health, Frenzy"
176,Blisterwort 0004da25,Fly Amanita 0004da00,Mora Tapinella 000ec870,"Regenerate Stamina, Frenzy"
177,Blisterwort 0004da25,Fly Amanita 0004da00,Blue Mountain Flower 00077e1c,"Restore Health, Frenzy"
178,Blisterwort 0004da25,Canis Root 0006abcb,,Damage Stamina
179,Blisterwort 0004da25,Canis Root 0006abcb,Wheat 0004b0ba,"Restore Health, Damage Stamina"
180,Blisterwort 0004da25,Canis Root 0006abcb,Swamp Fungal Pod 0007e8b7,"Paralysis, Restore Health, Damage Stamina"
181,Blisterwort 0004da25,Canis Root 0006abcb,Blue Mountain Flower 00077e1c,"Restore Health, Damage Stamina"
182,Blisterwort 0004da25,Wheat 0004b0ba,,Restore Health
183,Blisterwort 0004da25,Wheat 0004b0ba,Purple Mountain Flower 00077e1e,"Restore Health, Lingering Damage Magicka"
184,Blisterwort 0004da25,Purple Mountain Flower 00077e1e,Swamp Fungal Pod 0007e8b7,"Restore Health, Lingering Damage Magicka"
185,Blisterwort 0004da25,Swamp Fungal Pod 0007e8b7,,Restore Health
186,Blisterwort 0004da25,Nightshade 0002f44c,Blue Mountain Flower 00077e1c,"Restore Health, Damage Magicka Regen"
187,Blisterwort 0004da25,Lavender 00045c28,Blue Mountain Flower 00077e1c,"Restore Health, Fortify Conjuration"
188,Blisterwort 0004da25,Blue Mountain Flower 00077e1c,,Restore Health
189,Imp Stool 0004da23,Giant Lichen 0007e8c1,Red Mountain Flower 00077e1d,"Restore Magicka, Damage Health"
190,Imp Stool 0004da23,Giant Lichen 0007e8c1,Mora Tapinella 000ec870,"Restore Magicka, Lingering Damage Health"
191,Imp Stool 0004da23,Giant Lichen 0007e8c1,Deathbell 000516c8,"Weakness to Poison, Damage Health"
192,Imp Stool 0004da23,Fly Amanita 0004da00,Mora Tapinella 000ec870,"Regenerate Stamina, Lingering Damage Health"
193,Imp Stool 0004da23,Dragon's Tongue 000889a2,Mora Tapinella 000ec870,"Fortify Illusion, Lingering Damage Health"
194,Imp Stool 0004da23,Canis Root 0006abcb,,Paralysis
195,Imp Stool 0004da23,Canis Root 0006abcb,Wheat 0004b0ba,"Paralysis, Restore Health"
196,Imp Stool 0004da23,Canis Root 0006abcb,Red Mountain Flower 00077e1d,"Damage Health, Paralysis"
197,Imp Stool 0004da23,Canis Root 0006abcb,Nightshade 0002f44c,"Damage Health, Paralysis"
198,Imp Stool 0004da23,Canis Root 0006abcb,Mora Tapinella 000ec870,"Paralysis, Lingering Damage Health"
199,Imp Stool 0004da23,Canis Root 0006abcb,Deathbell 000516c8,"Damage Health, Paralysis"
200,Imp Stool 0004da23,Canis Root 0006abcb,Blue Mountain Flower 00077e1c,"Paralysis, Restore Health"
201,Imp Stool 0004da23,Wheat 0004b0ba,,Restore Health
202,Imp Stool 0004da23,Wheat 0004b0ba,Purple Mountain Flower 00077e1e,"Restore Health, Lingering Damage Magicka"
203,Imp Stool 0004da23,Wheat 0004b0ba,Swamp Fungal Pod 0007e8b7,"Paralysis, Restore Health, Lingering Damage Magicka"
204,Imp Stool 0004da23,Wheat 0004b0ba,Red Mountain Flower 00077e1d,"Damage Health, Restore Health"
205,Imp Stool 0004da23,Wheat 0004b0ba,Nightshade 0002f44c,"Damage Health, Restore Health"
206,Imp Stool 0004da23,Wheat 0004b0ba,Mora Tapinella 000ec870,"Restore Health, Lingering Damage Health"
207,Imp Stool 0004da23,Wheat 0004b0ba,Deathbell 000516c8,"Damage Health, Restore Health"
208,Imp Stool 0004da23,Purple Mountain Flower 00077e1e,Swamp Fungal Pod 0007e8b7,"Paralysis, Restore Health, Lingering Damage Magicka"
209,Imp Stool 0004da23,Thistle Branch 000134aa,Deathbell 000516c8,"Damage Health, Ravage Stamina"
210,Imp Stool 0004da23,Swamp Fungal Pod 0007e8b7,,"Paralysis, Restore Health"
211,Imp Stool 0004da23,Swamp Fungal Pod 0007e8b7,Red Mountain Flower 00077e1d,"Damage Health, Paralysis, Restore Health"
212,Imp Stool 0004da23,Swamp Fungal Pod 0007e8b7,Nightshade 0002f44c,"Damage Health, Paralysis, Restore Health"
213,Imp Stool 0004da23,Swamp Fungal Pod 0007e8b7,Mora Tapinella 000ec870,"Paralysis, Restore Health, Lingering Damage Health"
214,Imp Stool 0004da23,Swamp Fungal Pod 0007e8b7,Deathbell 000516c8,"Damage Health, Paralysis, Restore Health"
215,Imp Stool 0004da23,Tundra Cotton 0003f7f8,Red Mountain Flower 00077e1d,"Damage Health, Fortify Magicka"
216,Imp Stool 0004da23,Red Mountain Flower 00077e1d,,Damage Health
217,Imp Stool 0004da23,Red Mountain Flower 00077e1d,Mora Tapinella 000ec870,"Restore Magicka, Damage Health, Lingering Damage Health"
218,Imp Stool 0004da23,Red Mountain Flower 00077e1d,Lavender 00045c28,"Ravage Magicka, Damage Health"
219,Imp Stool 0004da23,Red Mountain Flower 00077e1d,Jazbay Grapes 0006ac4a,"Damage Health, Fortify Magicka"
220,Imp Stool 0004da23,Red Mountain Flower 00077e1d,Grass Pod 00083e64,"Restore Magicka, Ravage Magicka, Damage Health"
221,Imp Stool 0004da23,Red Mountain Flower 00077e1d,Blue Mountain Flower 00077e1c,"Damage Health, Restore Health"
222,Imp Stool 0004da23,Red Mountain Flower 00077e1d,White Cap 0004da22,"Restore Magicka, Ravage Magicka, Damage Health"
223,Imp Stool 0004da23,Bleeding Crown 0004da20,Deathbell 000516c8,"Weakness to Poison, Damage Health"
224,Imp Stool 0004da23,Nightshade 0002f44c,,Damage Health
225,Imp Stool 0004da23,Nightshade 0002f44c,Mora Tapinella 000ec870,"Damage Health, Lingering Damage Health"
226,Imp Stool 0004da23,Nightshade 0002f44c,Blue Mountain Flower 00077e1c,"Damage Health, Restore Health, Damage Magicka Regen"
227,Imp Stool 0004da23,Mora Tapinella 000ec870,,Lingering Damage Health
228,Imp Stool 0004da23,Mora Tapinella 000ec870,Grass Pod 00083e64,"Restore Magicka, Lingering Damage Health"
229,Imp Stool 0004da23,Mora Tapinella 000ec870,Deathbell 000516c8,"Damage Health, Lingering Damage Health"
230,Imp Stool 0004da23,Mora Tapinella 000ec870,Blue Mountain Flower 00077e1c,"Restore Health, Lingering Damage Health"
231,Imp Stool 0004da23,Mora Tapinella 000ec870,White Cap 0004da22,"Restore Magicka, Lingering Damage Health"
232,Imp Stool 0004da23,Lavender 00045c28,Blue Mountain Flower 00077e1c,"Restore Health, Fortify Conjuration"
233,Imp Stool 0004da23,Deathbell 000516c8,,Damage Health
234,Imp Stool 0004da23,Deathbell 000516c8,Blue Mountain Flower 00077e1c,"Damage Health, Restore Health"
235,Imp Stool 0004da23,Blue Mountain Flower 00077e1c,,Restore Health
236,Giant Lichen 0007e8c1,Fly Amanita 0004da00,Mora Tapinella 000ec870,"Restore Magicka, Regenerate Stamina"
237,Giant Lichen 0007e8c1,Dragon's Tongue 000889a2,Mora Tapinella 000ec870,"Restore Magicka, Fortify Illusion"
238,Giant Lichen 0007e8c1,Thistle Branch 000134aa,Grass Pod 00083e64,"Restore Magicka, Resist Poison"
239,Giant Lichen 0007e8c1,Thistle Branch 000134aa,Deathbell 000516c8,"Weakness to Poison, Ravage Stamina"
240,Giant Lichen 0007e8c1,Thistle Branch 000134aa,White Cap 0004da22,"Restore Magicka, Fortify Heavy Armor"
241,Giant Lichen 0007e8c1,Tundra Cotton 0003f7f8,Red Mountain Flower 00077e1d,"Restore Magicka, Fortify Magicka"
242,Giant Lichen 0007e8c1,Tundra Cotton 0003f7f8,Bleeding Crown 0004da20,"Fortify Block, Weakness to Poison, Resist Magic"
243,Giant Lichen 0007e8c1,Tundra Cotton 0003f7f8,Jazbay Grapes 0006ac4a,"Ravage Health, Fortify Magicka"
244,Giant Lichen 0007e8c1,Red Mountain Flower 00077e1d,,Restore Magicka
245,Giant Lichen 0007e8c1,Red Mountain Flower 00077e1d,Bleeding Crown 0004da20,"Restore Magicka, Weakness to Poison"
246,Giant Lichen 0007e8c1,Red Mountain Flower 00077e1d,Nightshade 0002f44c,"Restore Magicka, Damage Health"
247,Giant Lichen 0007e8c1,Red Mountain Flower 00077e1d,Lavender 00045c28,"Restore Magicka, Ravage Magicka"
248,Giant Lichen 0007e8c1,Red Mountain Flower 00077e1d,Jazbay Grapes 0006ac4a,"Restore Magicka, Ravage Health, Fortify Magicka"
249,Giant Lichen 0007e8c1,Red Mountain Flower 00077e1d,Deathbell 000516c8,"Restore Magicka, Weakness to Poison, Damage Health"
250,Giant Lichen 0007e8c1,Bleeding Crown 0004da20,,Weakness to Poison
251,Giant Lichen 0007e8c1,Bleeding Crown 0004da20,Mora Tapinella 000ec870,"Restore Magicka, Weakness to Poison"
252,Giant Lichen 0007e8c1,Bleeding Crown 0004da20,Lavender 00045c28,"Weakness to Poison, Resist Magic"
253,Giant Lichen 0007e8c1,Bleeding Crown 0004da20,Jazbay Grapes 0006ac4a,"Weakness to Poison, Ravage Health"
254,Giant Lichen 0007e8c1,Bleeding Crown 0004da20,Grass Pod 00083e64,"Restore Magicka, Weakness to Poison"
255,Giant Lichen 0007e8c1,Bleeding Crown 0004da20,White Cap 0004da22,"Restore Magicka, Weakness to Poison"
256,Giant Lichen 0007e8c1,Nightshade 0002f44c,Deathbell 000516c8,"Weakness to Poison, Damage Health"
257,Giant Lichen 0007e8c1,Mora Tapinella 000ec870,,Restore Magicka
258,Giant Lichen 0007e8c1,Mora Tapinella 000ec870,Jazbay Grapes 0006ac4a,"Restore Magicka, Ravage Health"
259,Giant Lichen 0007e8c1,Mora Tapinella 000ec870,Deathbell 000516c8,"Restore Magicka, Weakness to Poison"
260,Giant Lichen 0007e8c1,Lavender 00045c28,Grass Pod 00083e64,"Restore Magicka, Ravage Magicka"
261,Giant Lichen 0007e8c1,Lavender 00045c28,White Cap 0004da22,"Restore Magicka, Ravage Magicka"
262,Giant Lichen 0007e8c1,Jazbay Grapes 0006ac4a,,Ravage Health
263,Giant Lichen 0007e8c1,Jazbay Grapes 0006ac4a,Grass Pod 00083e64,"Restore Magicka, Ravage Health"
264,Giant Lichen 0007e8c1,Jazbay Grapes 0006ac4a,Deathbell 000516c8,"Weakness to Poison, Ravage Health"
265,Giant Lichen 0007e8c1,Jazbay Grapes 0006ac4a,White Cap 0004da22,"Restore Magicka, Ravage Health"
266,Giant Lichen 0007e8c1,Grass Pod 00083e64,,Restore Magicka
267,Giant Lichen 0007e8c1,Grass Pod 00083e64,Deathbell 000516c8,"Restore Magicka, Weakness to Poison"
268,Giant Lichen 0007e8c1,Deathbell 000516c8,,Weakness to Poison
269,Giant Lichen 0007e8c1,Deathbell 000516c8,White Cap 0004da22,"Restore Magicka, Weakness to Poison"
270,Giant Lichen 0007e8c1,White Cap 0004da22,,Restore Magicka
271,Fly Amanita 0004da00,Dragon's Tongue 000889a2,,"Fortify Two-handed, Resist Fire"
272,Fly Amanita 0004da00,Dragon's Tongue 000889a2,Tundra Cotton 0003f7f8,"Fortify Two-handed, Fortify Barter, Resist Fire"
273,Fly Amanita 0004da00,Dragon's Tongue 000889a2,Mora Tapinella 000ec870,"Regenerate Stamina, Fortify Two-handed, Fortify Illusion, Resist Fire"
274,Fly Amanita 0004da00,Red Mountain Flower 00077e1d,Mora Tapinella 000ec870,"Restore Magicka, Regenerate Stamina"
275,Fly Amanita 0004da00,Mora Tapinella 000ec870,,Regenerate Stamina
276,Fly Amanita 0004da00,Mora Tapinella 000ec870,Grass Pod 00083e64,"Restore Magicka, Regenerate Stamina"
277,Fly Amanita 0004da00,Mora Tapinella 000ec870,White Cap 0004da22,"Restore Magicka, Regenerate Stamina"
278,Dragon's Tongue 000889a2,Tundra Cotton 0003f7f8,,Fortify Barter
279,Dragon's Tongue 000889a2,Tundra Cotton 0003f7f8,Red Mountain Flower 00077e1d,"Fortify Barter, Fortify Magicka"
280,Dragon's Tongue 000889a2,Tundra Cotton 0003f7f8,Bleeding Crown 0004da20,"Fortify Block, Fortify Barter, Resist Magic"
281,Dragon's Tongue 000889a2,Tundra Cotton 0003f7f8,Mora Tapinella 000ec870,"Fortify Barter, Fortify Illusion"
282,Dragon's Tongue 000889a2,Tundra Cotton 0003f7f8,Lavender 00045c28,"Fortify Barter, Resist Magic"
283,Dragon's Tongue 000889a2,Tundra Cotton 0003f7f8,Jazbay Grapes 0006ac4a,"Fortify Barter, Fortify Magicka"
284,Dragon's Tongue 000889a2,Red Mountain Flower 00077e1d,Mora Tapinella 000ec870,"Restore Magicka, Fortify Illusion"
285,Dragon's Tongue 000889a2,Mora Tapinella 000ec870,,Fortify Illusion
286,Dragon's Tongue 000889a2,Mora Tapinella 000ec870,Grass Pod 00083e64,"Restore Magicka, Fortify Illusion"
287,Dragon's Tongue 000889a2,Mora Tapinella 000ec870,White Cap 0004da22,"Restore Magicka, Fortify Illusion"
288,Canis Root 0006abcb,Wheat 0004b0ba,Swamp Fungal Pod 0007e8b7,"Paralysis, Restore Health, Lingering Damage Magicka"
289,Canis Root 0006abcb,Purple Mountain Flower 00077e1e,Swamp Fungal Pod 0007e8b7,"Paralysis, Lingering Damage Magicka"
290,Canis Root 0006abcb,Swamp Fungal Pod 0007e8b7,,Paralysis
291,Canis Root 0006abcb,Swamp Fungal Pod 0007e8b7,Blue Mountain Flower 00077e1c,"Paralysis, Restore Health"
292,Wheat 0004b0ba,Purple Mountain Flower 00077e1e,,Lingering Damage Magicka
293,Wheat 0004b0ba,Purple Mountain Flower 00077e1e,Thistle Branch 000134aa,"Resist Frost, Lingering Damage Magicka"
294,Wheat 0004b0ba,Purple Mountain Flower 00077e1e,Blue Mountain Flower 00077e1c,"Restore Health, Fortify Health, Lingering Damage Magicka"
295,Wheat 0004b0ba,Swamp Fungal Pod 0007e8b7,,"Restore Health, Lingering Damage Magicka"
296,Wheat 0004b0ba,Swamp Fungal Pod 0007e8b7,Blue Mountain Flower 00077e1c,"Restore Health, Fortify Health, Lingering Damage Magicka"
297,Wheat 0004b0ba,Nightshade 0002f44c,Blue Mountain Flower 00077e1c,"Restore Health, Damage Magicka Regen, Fortify Health"
298,Wheat 0004b0ba,Lavender 00045c28,Blue Mountain Flower 00077e1c,"Restore Health, Fortify Health, Fortify Conjuration"
299,Wheat 0004b0ba,Blue Mountain Flower 00077e1c,,"Restore Health, Fortify Health"
300,Purple Mountain Flower 00077e1e,Thistle Branch 000134aa,,Resist Frost
301,Purple Mountain Flower 00077e1e,Thistle Branch 000134aa,Swamp Fungal Pod 0007e8b7,"Resist Frost, Lingering Damage Magicka"
302,Purple Mountain Flower 00077e1e,Thistle Branch 000134aa,Grass Pod 00083e64,"Resist Poison, Resist Frost"
303,Purple Mountain Flower 00077e1e,Thistle Branch 000134aa,Deathbell 000516c8,"Resist Frost, Ravage Stamina"
304,Purple Mountain Flower 00077e1e,Thistle Branch 000134aa,White Cap 0004da22,"Resist Frost, Fortify Heavy Armor"
305,Purple Mountain Flower 00077e1e,Swamp Fungal Pod 0007e8b7,,Lingering Damage Magicka
306,Purple Mountain Flower 00077e1e,Swamp Fungal Pod 0007e8b7,Blue Mountain Flower 00077e1c,"Restore Health, Lingering Damage Magicka"
307,Thistle Branch 000134aa,Red Mountain Flower 00077e1d,Grass Pod 00083e64,"Restore Magicka, Resist Poison, Ravage Magicka"
308,Thistle Branch 000134aa,Red Mountain Flower 00077e1d,Deathbell 000516c8,"Damage Health, Ravage Stamina"
309,Thistle Branch 000134aa,Red Mountain Flower 00077e1d,White Cap 0004da22,"Restore Magicka, Ravage Magicka, Fortify Heavy Armor"
310,Thistle Branch 000134aa,Bleeding Crown 0004da20,Deathbell 000516c8,"Weakness to Poison, Ravage Stamina"
311,Thistle Branch 000134aa,Nightshade 0002f44c,Deathbell 000516c8,"Damage Health, Ravage Stamina"
312,Thistle Branch 000134aa,Mora Tapinella 000ec870,Grass Pod 00083e64,"Restore Magicka, Resist Poison"
313,Thistle Branch 000134aa,Mora Tapinella 000ec870,White Cap 0004da22,"Restore Magicka, Fortify Heavy Armor"
314,Thistle Branch 000134aa,Lavender 00045c28,Grass Pod 00083e64,"Resist Poison, Ravage Magicka"
315,Thistle Branch 000134aa,Lavender 00045c28,White Cap 0004da22,"Ravage Magicka, Fortify Heavy Armor"
316,Thistle Branch 000134aa,Grass Pod 00083e64,,Resist Poison
317,Thistle Branch 000134aa,Grass Pod 00083e64,Deathbell 000516c8,"Resist Poison, Ravage Stamina"
318,Thistle Branch 000134aa,Grass Pod 00083e64,White Cap 0004da22,"Restore Magicka, Resist Poison, Ravage Magicka, Fortify Heavy Armor"
319,Thistle Branch 000134aa,Deathbell 000516c8,,Ravage Stamina
320,Thistle Branch 000134aa,Deathbell 000516c8,White Cap 0004da22,"Ravage Stamina, Fortify Heavy Armor"
321,Thistle Branch 000134aa,White Cap 0004da22,,Fortify Heavy Armor
322,Swamp Fungal Pod 0007e8b7,Nightshade 0002f44c,Blue Mountain Flower 00077e1c,"Restore Health, Damage Magicka Regen"
323,Swamp Fungal Pod 0007e8b7,Lavender 00045c28,Blue Mountain Flower 00077e1c,"Restore Health, Fortify Conjuration"
324,Swamp Fungal Pod 0007e8b7,Blue Mountain Flower 00077e1c,,Restore Health
325,Tundra Cotton 0003f7f8,Red Mountain Flower 00077e1d,,Fortify Magicka
326,Tundra Cotton 0003f7f8,Red Mountain Flower 00077e1d,Bleeding Crown 0004da20,"Fortify Block, Fortify Magicka, Resist Magic"
327,Tundra Cotton 0003f7f8,Red Mountain Flower 00077e1d,Nightshade 0002f44c,"Damage Health, Fortify Magicka"
328,Tundra Cotton 0003f7f8,Red Mountain Flower 00077e1d,Mora Tapinella 000ec870,"Restore Magicka, Fortify Magicka"
329,Tundra Cotton 0003f7f8,Red Mountain Flower 00077e1d,Lavender 00045c28,"Ravage Magicka, Fortify Magicka, Resist Magic"
330,Tundra Cotton 0003f7f8,Red Mountain Flower 00077e1d,Grass Pod 00083e64,"Restore Magicka, Ravage Magicka, Fortify Magicka"
331,Tundra Cotton 0003f7f8,Red Mountain Flower 00077e1d,Deathbell 000516c8,"Damage Health, Fortify Magicka"
332,Tundra Cotton 0003f7f8,Red Mountain Flower 00077e1d,White Cap 0004da22,"Restore Magicka, Ravage Magicka, Fortify Magicka"
333,Tundra Cotton 0003f7f8,Bleeding Crown 0004da20,,"Fortify Block, Resist Magic"
334,Tundra Cotton 0003f7f8,Bleeding Crown 0004da20,Jazbay Grapes 0006ac4a,"Fortify Block, Fortify Magicka, Resist Magic"
335,Tundra Cotton 0003f7f8,Bleeding Crown 0004da20,Deathbell 000516c8,"Fortify Block, Weakness to Poison, Resist Magic"
336,Tundra Cotton 0003f7f8,Lavender 00045c28,,Resist Magic
337,Tundra Cotton 0003f7f8,Lavender 00045c28,Jazbay Grapes 0006ac4a,"Fortify Magicka, Resist Magic"
338,Tundra Cotton 0003f7f8,Lavender 00045c28,Grass Pod 00083e64,"Ravage Magicka, Resist Magic"
339,Tundra Cotton 0003f7f8,Lavender 00045c28,Blue Mountain Flower 00077e1c,"Fortify Conjuration, Resist Magic"
340,Tundra Cotton 0003f7f8,Lavender 00045c28,White Cap 0004da22,"Ravage Magicka, Resist Magic"
341,Tundra Cotton 0003f7f8,Jazbay Grapes 0006ac4a,,Fortify Magicka
342,Red Mountain Flower 00077e1d,Bleeding Crown 0004da20,Lavender 00045c28,"Ravage Magicka, Resist Magic"
343,Red Mountain Flower 00077e1d,Bleeding Crown 0004da20,Deathbell 000516c8,"Weakness to Poison, Damage Health"
344,Red Mountain Flower 00077e1d,Nightshade 0002f44c,,Damage Health
345,Red Mountain Flower 00077e1d,Nightshade 0002f44c,Mora Tapinella 000ec870,"Restore Magicka, Damage Health"
346,Red Mountain Flower 00077e1d,Nightshade 0002f44c,Lavender 00045c28,"Ravage Magicka, Damage Health"
347,Red Mountain Flower 00077e1d,Nightshade 0002f44c,Jazbay Grapes 0006ac4a,"Damage Health, Fortify Magicka"
348,Red Mountain Flower 00077e1d,Nightshade 0002f44c,Grass Pod 00083e64,"Restore Magicka, Ravage Magicka, Damage Health"
349,Red Mountain Flower 00077e1d,Nightshade 0002f44c,Blue Mountain Flower 00077e1c,"Damage Health, Damage Magicka Regen"
350,Red Mountain Flower 00077e1d,Nightshade 0002f44c,White Cap 0004da22,"Restore Magicka, Ravage Magicka, Damage Health"
351,Red Mountain Flower 00077e1d,Mora Tapinella 000ec870,,Restore Magicka
352,Red Mountain Flower 00077e1d,Mora Tapinella 000ec870,Lavender 00045c28,"Restore Magicka, Ravage Magicka"
353,Red Mountain Flower 00077e1d,Mora Tapinella 000ec870,Jazbay Grapes 0006ac4a,"Restore Magicka, Fortify Magicka"
354,Red Mountain Flower 00077e1d,Mora Tapinella 000ec870,Deathbell 000516c8,"Restore Magicka, Damage Health"
355,Red Mountain Flower 00077e1d,Lavender 00045c28,,Ravage Magicka
356,Red Mountain Flower 00077e1d,Lavender 00045c28,Jazbay Grapes 0006ac4a,"Ravage Magicka, Fortify Magicka"
357,Red Mountain Flower 00077e1d,Lavender 00045c28,Deathbell 000516c8,"Ravage Magicka, Damage Health"
358,Red Mountain Flower 00077e1d,Lavender 00045c28,Blue Mountain Flower 00077e1c,"Ravage Magicka, Fortify Conjuration"
359,Red Mountain Flower 00077e1d,Jazbay Grapes 0006ac4a,,Fortify Magicka
360,Red Mountain Flower 00077e1d,Jazbay Grapes 0006ac4a,Grass Pod 00083e64,"Restore Magicka, Ravage Magicka, Fortify Magicka"
361,Red Mountain Flower 00077e1d,Jazbay Grapes 0006ac4a,Deathbell 000516c8,"Damage Health, Fortify Magicka"
362,Red Mountain Flower 00077e1d,Jazbay Grapes 0006ac4a,White Cap 0004da22,"Restore Magicka, Ravage Magicka, Fortify Magicka"
363,Red Mountain Flower 00077e1d,Grass Pod 00083e64,,"Restore Magicka, Ravage Magicka"
364,Red Mountain Flower 00077e1d,Grass Pod 00083e64,Deathbell 000516c8,"Restore Magicka, Ravage Magicka, Damage Health"
365,Red Mountain Flower 00077e1d,Deathbell 000516c8,,Damage Health
366,Red Mountain Flower 00077e1d,Deathbell 000516c8,White Cap 0004da22,"Restore Magicka, Ravage Magicka, Damage Health"
367,Red Mountain Flower 00077e1d,White Cap 0004da22,,"Restore Magicka, Ravage Magicka"
368,Bleeding Crown 0004da20,Nightshade 0002f44c,Deathbell 000516c8,"Weakness to Poison, Damage Health"
369,Bleeding Crown 0004da20,Lavender 00045c28,,Resist Magic
370,Bleeding Crown 0004da20,Lavender 00045c28,Grass Pod 00083e64,"Ravage Magicka, Resist Magic"
371,Bleeding Crown 0004da20,Lavender 00045c28,Deathbell 000516c8,"Weakness to Poison, Resist Magic"
372,Bleeding Crown 0004da20,Lavender 00045c28,Blue Mountain Flower 00077e1c,"Fortify Conjuration, Resist Magic"
373,Bleeding Crown 0004da20,Lavender 00045c28,White Cap 0004da22,"Ravage Magicka, Resist Magic"
374,Bleeding Crown 0004da20,Deathbell 000516c8,,Weakness to Poison
375,Nightshade 0002f44c,Lavender 00045c28,Blue Mountain Flower 00077e1c,"Damage Magicka Regen, Fortify Conjuration"
376,Nightshade 0002f44c,Deathbell 000516c8,,Damage Health
377,Nightshade 0002f44c,Deathbell 000516c8,Blue Mountain Flower 00077e1c,"Damage Health, Damage Magicka Regen"
378,Nightshade 0002f44c,Blue Mountain Flower 00077e1c,,Damage Magicka Regen
379,Mora Tapinella 000ec870,Lavender 00045c28,Grass Pod 00083e64,"Restore Magicka, Ravage Magicka"
380,Mora Tapinella 000ec870,Lavender 00045c28,White Cap 0004da22,"Restore Magicka, Ravage Magicka"
381,Mora Tapinella 000ec870,Grass Pod 00083e64,,Restore Magicka
382,Mora Tapinella 000ec870,White Cap 0004da22,,Restore Magicka
383,Lavender 00045c28,Grass Pod 00083e64,,Ravage Magicka
384,Lavender 00045c28,Grass Pod 00083e64,Blue Mountain Flower 00077e1c,"Ravage Magicka, Fortify Conjuration"
385,Lavender 00045c28,Blue Mountain Flower 00077e1c,,Fortify Conjuration
386,Lavender 00045c28,Blue Mountain Flower 00077e1c,White Cap 0004da22,"Ravage Magicka, Fortify Conjuration"
387,Lavender 00045c28,White Cap 0004da22,,Ravage Magicka
388,Grass Pod 00083e64,White Cap 0004da22,,"Restore Magicka, Ravage Magicka"
